INSERT INTO jpa_workshop.book (book_id, isbn, max_loan_days, title) VALUES (5001,'9780137673810', 90, 'Core Java, Vol. I Fundamentals, 12th Edition');
INSERT INTO jpa_workshop.book (book_id, isbn, max_loan_days, title) VALUES (5002,'9780137870899', 90, 'Core Java, Vol. II-Advanced Features, 12th Edition');
INSERT INTO jpa_workshop.book (book_id, isbn, max_loan_days, title) VALUES (5003,'9780596004651', 90, 'Head First Java: Your Brain on Java - A Learner''s Guide 1st Edition');
INSERT INTO jpa_workshop.book (book_id, isbn, max_loan_days, title) VALUES (5004,'9781260440218', 60, 'Java: A Beginner''s Guide, Eighth Edition 8th Edition');
INSERT INTO jpa_workshop.book (book_id, isbn, max_loan_days, title) VALUES (5005,'9781119175698', 90, 'Java For Dummies (For Dummies (Computers)) 6th Edition');
INSERT INTO jpa_workshop.book (book_id, isbn, max_loan_days, title) VALUES (5006,'9780134685991', 90, 'Effective Java 3rd Edition');
INSERT INTO jpa_workshop.book (book_id, isbn, max_loan_days, title) VALUES (5007,'9781617294945', 90, 'Spring in Action 5th Edition');
INSERT INTO jpa_workshop.book (book_id, isbn, max_loan_days, title) VALUES (5008,'9781617292545', 90, 'Spring Boot in Action 1st Edition');
INSERT INTO jpa_workshop.book (book_id, isbn, max_loan_days, title) VALUES (5009,'9781617296956', 90, 'Spring Microservices in Action, Second Edition 2nd Edition');
INSERT INTO jpa_workshop.book (book_id, isbn, max_loan_days, title) VALUES (5010,'9780132350884', 90, 'Clean Code: A Handbook of Agile Software Craftsmanship 1st Edition');
INSERT INTO jpa_workshop.book (book_id, isbn, max_loan_days, title) VALUES (5011,'9780134494166', 90, 'Clean Architecture: A Craftsman''s Guide to Software Structure and Design (Robert C. Martin Series) 1st Edition');
INSERT INTO jpa_workshop.book (book_id, isbn, max_loan_days, title) VALUES (5012,'9780201633610', 90, 'Design Patterns: Elements of Reusable Object-Oriented Software 1st Edition');
INSERT INTO jpa_workshop.book (book_id, isbn, max_loan_days, title) VALUES (5013,'9780132575669', 90, 'Java: How to Program, 9th Edition (Deitel) 9th Edition');
INSERT INTO jpa_workshop.book (book_id, isbn, max_loan_days, title) VALUES (5014,'9781118957400', 172, 'OCA: Oracle Certified Associate Java SE 8 Programmer I Study Guide: Exam 1Z0-808 1st Edition');

INSERT INTO jpa_workshop.author (author_id,first_name, last_name)VALUES (10001,'Cay S.', 'Horstmann');
INSERT INTO jpa_workshop.author (author_id,first_name, last_name)VALUES (10002,'Bert', 'Bates');
INSERT INTO jpa_workshop.author (author_id,first_name, last_name)VALUES (10003,'Herbert', 'Schildt');
INSERT INTO jpa_workshop.author (author_id,first_name, last_name)VALUES (10004,'Barry A.', 'Burd');
INSERT INTO jpa_workshop.author (author_id,first_name, last_name)VALUES (10005,'Joshua', 'Bloch');
INSERT INTO jpa_workshop.author (author_id,first_name, last_name)VALUES (10006,'Craig', 'Walls');
INSERT INTO jpa_workshop.author (author_id,first_name, last_name)VALUES (10007,'John', 'Carnell');
INSERT INTO jpa_workshop.author (author_id,first_name, last_name)VALUES (10008,'Robert C.', 'Martin');
INSERT INTO jpa_workshop.author (author_id,first_name, last_name)VALUES (10009,'Erich', 'Gamma');
INSERT INTO jpa_workshop.author (author_id,first_name, last_name)VALUES (10010,'Richard', 'Helm');
INSERT INTO jpa_workshop.author (author_id,first_name, last_name)VALUES (10011,'Ralph', 'Johnson');
INSERT INTO jpa_workshop.author (author_id,first_name, last_name)VALUES (10012,'John', 'Vlissides');
INSERT INTO jpa_workshop.author (author_id,first_name, last_name)VALUES (10013,'Grady', 'Booch');
INSERT INTO jpa_workshop.author (author_id,first_name, last_name)VALUES (10014,'Paul', 'Deitel');
INSERT INTO jpa_workshop.author (author_id,first_name, last_name)VALUES (10015,'Harvey M.', 'Deitel');
INSERT INTO jpa_workshop.author (author_id,first_name, last_name)VALUES (10016,'Jeanne', 'Boyarsky.');
INSERT INTO jpa_workshop.author (author_id,first_name, last_name)VALUES (10017,'Scott', 'Selikoff');

INSERT INTO jpa_workshop.book_authors (written_books_book_id, authors_author_id) VALUES (5001, 10001);
INSERT INTO jpa_workshop.book_authors (written_books_book_id, authors_author_id) VALUES (5002, 10001);
INSERT INTO jpa_workshop.book_authors (written_books_book_id, authors_author_id) VALUES (5003, 10002);
INSERT INTO jpa_workshop.book_authors (written_books_book_id, authors_author_id) VALUES (5004, 10003);
INSERT INTO jpa_workshop.book_authors (written_books_book_id, authors_author_id) VALUES (5005, 10004);
INSERT INTO jpa_workshop.book_authors (written_books_book_id, authors_author_id) VALUES (5006, 10005);
INSERT INTO jpa_workshop.book_authors (written_books_book_id, authors_author_id) VALUES (5007, 10006);
INSERT INTO jpa_workshop.book_authors (written_books_book_id, authors_author_id) VALUES (5008, 10006);
INSERT INTO jpa_workshop.book_authors (written_books_book_id, authors_author_id) VALUES (5009, 10007);
INSERT INTO jpa_workshop.book_authors (written_books_book_id, authors_author_id) VALUES (5010, 10008);
INSERT INTO jpa_workshop.book_authors (written_books_book_id, authors_author_id) VALUES (5011, 10008);
INSERT INTO jpa_workshop.book_authors (written_books_book_id, authors_author_id) VALUES (5012, 10009);
INSERT INTO jpa_workshop.book_authors (written_books_book_id, authors_author_id) VALUES (5012, 10010);
INSERT INTO jpa_workshop.book_authors (written_books_book_id, authors_author_id) VALUES (5012, 10011);
INSERT INTO jpa_workshop.book_authors (written_books_book_id, authors_author_id) VALUES (5012, 10012);
INSERT INTO jpa_workshop.book_authors (written_books_book_id, authors_author_id) VALUES (5012, 10013);
INSERT INTO jpa_workshop.book_authors (written_books_book_id, authors_author_id) VALUES (5013, 10014);
INSERT INTO jpa_workshop.book_authors (written_books_book_id, authors_author_id) VALUES (5013, 10015);
INSERT INTO jpa_workshop.book_authors (written_books_book_id, authors_author_id) VALUES (5014, 10016);
INSERT INTO jpa_workshop.book_authors (written_books_book_id, authors_author_id) VALUES (5014, 10017);

INSERT INTO jpa_workshop.details (details_id, birth_date, email, name) VALUES (1001, '1990-01-01', 'christopher@mail.com', 'Christopher Ojaide');
INSERT INTO jpa_workshop.details (details_id, birth_date, email, name) VALUES (1002, '1990-01-01', 'husayn@mail.com', 'Husayn Ganiev');
INSERT INTO jpa_workshop.details (details_id, birth_date, email, name) VALUES (1003, '1990-01-01', 'jonas@mail.com', 'Jonas Eira');
INSERT INTO jpa_workshop.details (details_id, birth_date, email, name) VALUES (1004, '1990-01-01', 'julius@mail.com', 'Julius Büchner');
INSERT INTO jpa_workshop.details (details_id, birth_date, email, name) VALUES (1005, '1990-01-01', 'roudabeh@mail.com', 'Roudabeh Adnani');
INSERT INTO jpa_workshop.details (details_id, birth_date, email, name) VALUES (1006, '1990-01-01', 'mohsen@mail.com', 'Mohsen Forouzmand');
INSERT INTO jpa_workshop.details (details_id, birth_date, email, name) VALUES (1007, '1990-01-01', 'ly@mail.com', 'Ly Ta Thi');
INSERT INTO jpa_workshop.details (details_id, birth_date, email, name) VALUES (1008, '1990-01-01', 'anusha@mail.com', 'Anusha Yenugu');
INSERT INTO jpa_workshop.details (details_id, birth_date, email, name) VALUES (1009, '1990-01-01', 'roberto@mail.com', 'Roberto Camacho');
INSERT INTO jpa_workshop.details (details_id, birth_date, email, name) VALUES (1010, '1990-01-01', 'thanapat@mail.com', 'Thanapat Sombat kamrai');
INSERT INTO jpa_workshop.details (details_id, birth_date, email, name) VALUES (1011, '1990-01-01', 'zeq@mail.com', 'Zeq Alidemaj');
INSERT INTO jpa_workshop.details (details_id, birth_date, email, name) VALUES (1012, '1990-01-01', 'joe@mail.com', 'Joe Yaghi');
INSERT INTO jpa_workshop.details (details_id, birth_date, email, name) VALUES (1013, '1990-01-01', 'jack@mail.com', 'Jack Ninway');
INSERT INTO jpa_workshop.details (details_id, birth_date, email, name) VALUES (1014, '1990-01-01', 'jennie@mail.com', 'Jennie Smith');

INSERT INTO jpa_workshop.app_user (app_user_id, password, reg_date, username, details_id) VALUES (1001, 'ThisIsABadPassword', '2022-05-30', 'christopherojaide', 1001);
INSERT INTO jpa_workshop.app_user (app_user_id, password, reg_date, username, details_id) VALUES (1002, 'ThisIsABadPassword', '2022-05-30', 'husaynganiev', 1002);
INSERT INTO jpa_workshop.app_user (app_user_id, password, reg_date, username, details_id) VALUES (1003, 'ThisIsABadPassword', '2022-05-30', 'jonaseira', 1003);
INSERT INTO jpa_workshop.app_user (app_user_id, password, reg_date, username, details_id) VALUES (1004, 'ThisIsABadPassword', '2022-05-30', 'juliusbüchner', 1004);
INSERT INTO jpa_workshop.app_user (app_user_id, password, reg_date, username, details_id) VALUES (1005, 'ThisIsABadPassword', '2022-05-30', 'roudabehadnani', 1005);
INSERT INTO jpa_workshop.app_user (app_user_id, password, reg_date, username, details_id) VALUES (1006, 'ThisIsABadPassword', '2022-05-30', 'mohsenforouzmand', 1006);
INSERT INTO jpa_workshop.app_user (app_user_id, password, reg_date, username, details_id) VALUES (1007, 'ThisIsABadPassword', '2022-05-30', 'lytathi', 1007);
INSERT INTO jpa_workshop.app_user (app_user_id, password, reg_date, username, details_id) VALUES (1008, 'ThisIsABadPassword', '2022-05-30', 'anushayenugu', 1008);
INSERT INTO jpa_workshop.app_user (app_user_id, password, reg_date, username, details_id) VALUES (1009, 'ThisIsABadPassword', '2022-05-30', 'robertocamacho', 1009);
INSERT INTO jpa_workshop.app_user (app_user_id, password, reg_date, username, details_id) VALUES (1010, 'ThisIsABadPassword', '2022-05-30', 'thanapatsombatkamrai', 1010);
INSERT INTO jpa_workshop.app_user (app_user_id, password, reg_date, username, details_id) VALUES (1011, 'ThisIsABadPassword', '2022-05-30', 'zeqalidemaj', 1011);
INSERT INTO jpa_workshop.app_user (app_user_id, password, reg_date, username, details_id) VALUES (1012, 'ThisIsABadPassword', '2022-05-30', 'joeyaghi', 1012);
INSERT INTO jpa_workshop.app_user (app_user_id, password, reg_date, username, details_id) VALUES (1013, 'ThisIsABadPassword', '2022-05-30', 'jackninway', 1013);
INSERT INTO jpa_workshop.app_user (app_user_id, password, reg_date, username, details_id) VALUES (1014, 'ThisIsABadPassword', '2022-05-30', 'jenniesmith', 1014);

INSERT INTO jpa_workshop.book_loan (due_date, loan_date, returned, book_book_id, borrower_app_user_id) VALUES ('2022-08-28', '2022-05-30', false, 5010, 1001);
INSERT INTO jpa_workshop.book_loan (due_date, loan_date, returned, book_book_id, borrower_app_user_id) VALUES ('2022-08-28', '2022-05-30', false, 5010, 1002);
INSERT INTO jpa_workshop.book_loan (due_date, loan_date, returned, book_book_id, borrower_app_user_id) VALUES ('2022-08-28', '2022-05-30', false, 5010, 1003);
INSERT INTO jpa_workshop.book_loan (due_date, loan_date, returned, book_book_id, borrower_app_user_id) VALUES ('2022-08-28', '2022-05-30', false, 5010, 1004);
INSERT INTO jpa_workshop.book_loan (due_date, loan_date, returned, book_book_id, borrower_app_user_id) VALUES ('2022-08-28', '2022-05-30', false, 5010, 1005);
INSERT INTO jpa_workshop.book_loan (due_date, loan_date, returned, book_book_id, borrower_app_user_id) VALUES ('2022-08-28', '2022-05-30', false, 5010, 1006);
INSERT INTO jpa_workshop.book_loan (due_date, loan_date, returned, book_book_id, borrower_app_user_id) VALUES ('2022-08-28', '2022-05-30', false, 5010, 1007);
INSERT INTO jpa_workshop.book_loan (due_date, loan_date, returned, book_book_id, borrower_app_user_id) VALUES ('2022-08-28', '2022-05-30', false, 5010, 1008);
INSERT INTO jpa_workshop.book_loan (due_date, loan_date, returned, book_book_id, borrower_app_user_id) VALUES ('2022-08-28', '2022-05-30', false, 5010, 1009);
INSERT INTO jpa_workshop.book_loan (due_date, loan_date, returned, book_book_id, borrower_app_user_id) VALUES ('2022-08-28', '2022-05-30', false, 5010, 1010);
INSERT INTO jpa_workshop.book_loan (due_date, loan_date, returned, book_book_id, borrower_app_user_id) VALUES ('2022-08-28', '2022-05-30', false, 5010, 1011);
INSERT INTO jpa_workshop.book_loan (due_date, loan_date, returned, book_book_id, borrower_app_user_id) VALUES ('2022-08-28', '2022-05-30', false, 5010, 1012);
INSERT INTO jpa_workshop.book_loan (due_date, loan_date, returned, book_book_id, borrower_app_user_id) VALUES ('2022-08-28', '2022-05-30', false, 5010, 1013);
INSERT INTO jpa_workshop.book_loan (due_date, loan_date, returned, book_book_id, borrower_app_user_id) VALUES ('2022-08-28', '2022-05-30', false, 5010, 1014);

INSERT INTO jpa_workshop.book_loan (due_date, loan_date, returned, book_book_id, borrower_app_user_id) VALUES ('2022-08-28', '2022-05-30', false, 5011, 1001);
INSERT INTO jpa_workshop.book_loan (due_date, loan_date, returned, book_book_id, borrower_app_user_id) VALUES ('2022-08-28', '2022-05-30', false, 5011, 1002);
INSERT INTO jpa_workshop.book_loan (due_date, loan_date, returned, book_book_id, borrower_app_user_id) VALUES ('2022-08-28', '2022-05-30', false, 5011, 1003);
INSERT INTO jpa_workshop.book_loan (due_date, loan_date, returned, book_book_id, borrower_app_user_id) VALUES ('2022-08-28', '2022-05-30', false, 5011, 1004);
INSERT INTO jpa_workshop.book_loan (due_date, loan_date, returned, book_book_id, borrower_app_user_id) VALUES ('2022-08-28', '2022-05-30', false, 5011, 1005);
INSERT INTO jpa_workshop.book_loan (due_date, loan_date, returned, book_book_id, borrower_app_user_id) VALUES ('2022-08-28', '2022-05-30', false, 5011, 1006);
INSERT INTO jpa_workshop.book_loan (due_date, loan_date, returned, book_book_id, borrower_app_user_id) VALUES ('2022-08-28', '2022-05-30', false, 5011, 1007);
INSERT INTO jpa_workshop.book_loan (due_date, loan_date, returned, book_book_id, borrower_app_user_id) VALUES ('2022-08-28', '2022-05-30', false, 5011, 1008);
INSERT INTO jpa_workshop.book_loan (due_date, loan_date, returned, book_book_id, borrower_app_user_id) VALUES ('2022-08-28', '2022-05-30', false, 5011, 1009);
INSERT INTO jpa_workshop.book_loan (due_date, loan_date, returned, book_book_id, borrower_app_user_id) VALUES ('2022-08-28', '2022-05-30', false, 5011, 1010);
INSERT INTO jpa_workshop.book_loan (due_date, loan_date, returned, book_book_id, borrower_app_user_id) VALUES ('2022-08-28', '2022-05-30', false, 5011, 1011);
INSERT INTO jpa_workshop.book_loan (due_date, loan_date, returned, book_book_id, borrower_app_user_id) VALUES ('2022-08-28', '2022-05-30', false, 5011, 1012);
INSERT INTO jpa_workshop.book_loan (due_date, loan_date, returned, book_book_id, borrower_app_user_id) VALUES ('2022-08-28', '2022-05-30', false, 5011, 1013);
INSERT INTO jpa_workshop.book_loan (due_date, loan_date, returned, book_book_id, borrower_app_user_id) VALUES ('2022-08-28', '2022-05-30', false, 5011, 1014);

INSERT INTO jpa_workshop.book_loan (due_date, loan_date, returned, book_book_id, borrower_app_user_id) VALUES ('2022-11-18', '2022-05-30', false, 5014, 1001);
INSERT INTO jpa_workshop.book_loan (due_date, loan_date, returned, book_book_id, borrower_app_user_id) VALUES ('2022-11-18', '2022-05-30', false, 5014, 1002);
INSERT INTO jpa_workshop.book_loan (due_date, loan_date, returned, book_book_id, borrower_app_user_id) VALUES ('2022-11-18', '2022-05-30', false, 5014, 1003);
INSERT INTO jpa_workshop.book_loan (due_date, loan_date, returned, book_book_id, borrower_app_user_id) VALUES ('2022-11-18', '2022-05-30', false, 5014, 1004);
INSERT INTO jpa_workshop.book_loan (due_date, loan_date, returned, book_book_id, borrower_app_user_id) VALUES ('2022-11-18', '2022-05-30', false, 5014, 1005);
INSERT INTO jpa_workshop.book_loan (due_date, loan_date, returned, book_book_id, borrower_app_user_id) VALUES ('2022-11-18', '2022-05-30', false, 5014, 1006);
INSERT INTO jpa_workshop.book_loan (due_date, loan_date, returned, book_book_id, borrower_app_user_id) VALUES ('2022-11-18', '2022-05-30', false, 5014, 1007);
INSERT INTO jpa_workshop.book_loan (due_date, loan_date, returned, book_book_id, borrower_app_user_id) VALUES ('2022-11-18', '2022-05-30', false, 5014, 1008);
INSERT INTO jpa_workshop.book_loan (due_date, loan_date, returned, book_book_id, borrower_app_user_id) VALUES ('2022-11-18', '2022-05-30', false, 5014, 1009);
INSERT INTO jpa_workshop.book_loan (due_date, loan_date, returned, book_book_id, borrower_app_user_id) VALUES ('2022-11-18', '2022-05-30', false, 5014, 1010);
INSERT INTO jpa_workshop.book_loan (due_date, loan_date, returned, book_book_id, borrower_app_user_id) VALUES ('2022-11-18', '2022-05-30', false, 5014, 1011);
INSERT INTO jpa_workshop.book_loan (due_date, loan_date, returned, book_book_id, borrower_app_user_id) VALUES ('2022-11-18', '2022-05-30', false, 5014, 1012);
INSERT INTO jpa_workshop.book_loan (due_date, loan_date, returned, book_book_id, borrower_app_user_id) VALUES ('2022-11-18', '2022-05-30', false, 5014, 1013);
INSERT INTO jpa_workshop.book_loan (due_date, loan_date, returned, book_book_id, borrower_app_user_id) VALUES ('2022-11-18', '2022-05-30', false, 5014, 1014);

# Mixed BookLoans

INSERT INTO jpa_workshop.book_loan (due_date, loan_date, returned, book_book_id, borrower_app_user_id) VALUES ('2022-08-28', '2022-05-30', false, 5001, 1001);
INSERT INTO jpa_workshop.book_loan (due_date, loan_date, returned, book_book_id, borrower_app_user_id) VALUES ('2022-08-28', '2022-05-30', false, 5003, 1002);
INSERT INTO jpa_workshop.book_loan (due_date, loan_date, returned, book_book_id, borrower_app_user_id) VALUES ('2022-08-28', '2022-05-30', false, 5006, 1003);
INSERT INTO jpa_workshop.book_loan (due_date, loan_date, returned, book_book_id, borrower_app_user_id) VALUES ('2022-08-28', '2022-05-30', false, 5009, 1004);
INSERT INTO jpa_workshop.book_loan (due_date, loan_date, returned, book_book_id, borrower_app_user_id) VALUES ('2022-08-28', '2022-05-30', false, 5012, 1005);
INSERT INTO jpa_workshop.book_loan (due_date, loan_date, returned, book_book_id, borrower_app_user_id) VALUES ('2022-08-28', '2022-05-30', false, 5013, 1006);
INSERT INTO jpa_workshop.book_loan (due_date, loan_date, returned, book_book_id, borrower_app_user_id) VALUES ('2022-08-28', '2022-05-30', false, 5006, 1007);
INSERT INTO jpa_workshop.book_loan (due_date, loan_date, returned, book_book_id, borrower_app_user_id) VALUES ('2022-08-28', '2022-05-30', false, 5006, 1008);
INSERT INTO jpa_workshop.book_loan (due_date, loan_date, returned, book_book_id, borrower_app_user_id) VALUES ('2022-08-28', '2022-05-30', false, 5006, 1009);
INSERT INTO jpa_workshop.book_loan (due_date, loan_date, returned, book_book_id, borrower_app_user_id) VALUES ('2022-08-28', '2022-05-30', false, 5012, 1010);
INSERT INTO jpa_workshop.book_loan (due_date, loan_date, returned, book_book_id, borrower_app_user_id) VALUES ('2022-08-28', '2022-05-30', false, 5012, 1011);
INSERT INTO jpa_workshop.book_loan (due_date, loan_date, returned, book_book_id, borrower_app_user_id) VALUES ('2022-08-28', '2022-05-30', false, 5012, 1012);
INSERT INTO jpa_workshop.book_loan (due_date, loan_date, returned, book_book_id, borrower_app_user_id) VALUES ('2022-08-28', '2022-05-30', false, 5013, 1013);
INSERT INTO jpa_workshop.book_loan (due_date, loan_date, returned, book_book_id, borrower_app_user_id) VALUES ('2022-08-28', '2022-05-30', false, 5013, 1014);

INSERT INTO jpa_workshop.book_loan (due_date, loan_date, returned, book_book_id, borrower_app_user_id) VALUES ('2022-08-28', '2022-05-30', false, 5004, 1001);
INSERT INTO jpa_workshop.book_loan (due_date, loan_date, returned, book_book_id, borrower_app_user_id) VALUES ('2022-07-29', '2022-05-30', false, 5004, 1002);
INSERT INTO jpa_workshop.book_loan (due_date, loan_date, returned, book_book_id, borrower_app_user_id) VALUES ('2022-08-28', '2022-05-30', false, 5006, 1003);
INSERT INTO jpa_workshop.book_loan (due_date, loan_date, returned, book_book_id, borrower_app_user_id) VALUES ('2022-08-28', '2022-05-30', false, 5008, 1004);
INSERT INTO jpa_workshop.book_loan (due_date, loan_date, returned, book_book_id, borrower_app_user_id) VALUES ('2022-08-28', '2022-05-30', false, 5012, 1005);
INSERT INTO jpa_workshop.book_loan (due_date, loan_date, returned, book_book_id, borrower_app_user_id) VALUES ('2022-08-28', '2022-05-30', false, 5012, 1006);
INSERT INTO jpa_workshop.book_loan (due_date, loan_date, returned, book_book_id, borrower_app_user_id) VALUES ('2022-08-28', '2022-05-30', false, 5013, 1007);
INSERT INTO jpa_workshop.book_loan (due_date, loan_date, returned, book_book_id, borrower_app_user_id) VALUES ('2022-08-28', '2022-05-30', false, 5001, 1008);
INSERT INTO jpa_workshop.book_loan (due_date, loan_date, returned, book_book_id, borrower_app_user_id) VALUES ('2022-08-28', '2022-05-30', false, 5003, 1009);
INSERT INTO jpa_workshop.book_loan (due_date, loan_date, returned, book_book_id, borrower_app_user_id) VALUES ('2022-08-28', '2022-05-30', false, 5005, 1010);
INSERT INTO jpa_workshop.book_loan (due_date, loan_date, returned, book_book_id, borrower_app_user_id) VALUES ('2022-08-28', '2022-05-30', false, 5007, 1011);
INSERT INTO jpa_workshop.book_loan (due_date, loan_date, returned, book_book_id, borrower_app_user_id) VALUES ('2022-08-28', '2022-05-30', false, 5009, 1012);
INSERT INTO jpa_workshop.book_loan (due_date, loan_date, returned, book_book_id, borrower_app_user_id) VALUES ('2022-08-28', '2022-05-30', false, 5012, 1013);
INSERT INTO jpa_workshop.book_loan (due_date, loan_date, returned, book_book_id, borrower_app_user_id) VALUES ('2022-08-28', '2022-05-30', false, 5006, 1014);
